﻿<?xml version="1.0"?>
<doc>
<assembly>
<name>
EEX Futures Data
</name>
</assembly>
<members>
<member name="T:EEX_Futures_Data.My.Resources.Resources">
<summary>
  Classe di risorse fortemente tipizzata per la ricerca di stringhe localizzate e così via.
</summary>
</member>
<member name="P:EEX_Futures_Data.My.Resources.Resources.ResourceManager">
<summary>
  Restituisce l'istanza di ResourceManager nella cache utilizzata da questa classe.
</summary>
</member>
<member name="P:EEX_Futures_Data.My.Resources.Resources.Culture">
<summary>
  Esegue l'override della proprietà CurrentUICulture del thread corrente per tutte le
  ricerche di risorse eseguite utilizzando questa classe di risorse fortemente tipizzata.
</summary>
</member>
<member name="P:EEX_Futures_Data.My.Resources.Resources.Refresh">
<summary>
  Cerca una risorsa localizzata di tipo System.Drawing.Bitmap.
</summary>
</member>
<member name="P:EEX_Futures_Data.My.Resources.Resources.Run">
<summary>
  Cerca una risorsa localizzata di tipo System.Drawing.Bitmap.
</summary>
</member>
<member name="P:EEX_Futures_Data.My.Resources.Resources.SelectedRefresh">
<summary>
  Cerca una risorsa localizzata di tipo System.Drawing.Bitmap.
</summary>
</member>
<member name="P:EEX_Futures_Data.My.Resources.Resources.SelectedRun">
<summary>
  Cerca una risorsa localizzata di tipo System.Drawing.Bitmap.
</summary>
</member>
<member name="P:EEX_Futures_Data.My.Resources.Resources.SelectedSelectFile">
<summary>
  Cerca una risorsa localizzata di tipo System.Drawing.Bitmap.
</summary>
</member>
<member name="P:EEX_Futures_Data.My.Resources.Resources.SelectedStop">
<summary>
  Cerca una risorsa localizzata di tipo System.Drawing.Bitmap.
</summary>
</member>
<member name="P:EEX_Futures_Data.My.Resources.Resources.SelectFile">
<summary>
  Cerca una risorsa localizzata di tipo System.Drawing.Bitmap.
</summary>
</member>
</members>
</doc>
